display_count,target_notation,target_value,own_hand_model,p12,p12_ci_low,p12_ci_high,p12_rounded_percent,p24,p24_ci_low,p24_ci_high,p24_rounded_percent,trials,method,response_count,seed
2,qk,1213,conditional_random,0.2039,0.19611779265981655,0.2119096111752981,20,0.9195,0.9140051136132862,0.924672711753716,92,10000,Monte Carlo,9,16557995383866914900
2,tk,1013,conditional_random,0.5965,0.5868491479779206,0.6060767403365389,60,0.9597,0.9556656725370806,0.9633812793609192,96,10000,Monte Carlo,10,18012679021469419930
3,kkj,131311,conditional_random,0.0003,0.00010203219941781012,0.0008817357722363795,0,0.204,0.19621631517671306,0.21201101185872745,20,10000,Monte Carlo,6,16820104624580778398
3,kqk,131213,conditional_random,0.1603,0.15323984636955834,0.16762104212347934,16,0.6188,0.60923691621568,0.6282718457714472,62,10000,Monte Carlo,7,9682580365590617519
3,kjj,131111,conditional_random,0.2735,0.2648515776996968,0.2823223735622197,27,0.7804,0.7721793966316547,0.7884052570820698,78,10000,Monte Carlo,8,6037367610606332339
3,ktj,131011,conditional_random,0.3565,0.3471691973823827,0.36594101015000136,36,0.8714,0.8646959822109465,0.8778187837993149,87,10000,Monte Carlo,9,623285186071893231
3,qtk,121013,conditional_random,0.5111,0.501300213211613,0.5208912620245579,51,0.9521,0.9477380042902982,0.956114784382936,95,10000,Monte Carlo,10,510042636510171987
4,kjqj,13111211,no_extra_face,0.0003,0.00010203219941781012,0.0008817357722363795,0,0.8497,0.8425615434693707,0.856569888070178,85,10000,Monte Carlo,35,3044416780702288262
4,kjtk,13111013,no_extra_face,0.1939,0.18626939161937364,0.20176569218315452,19,0.9047,0.8987885827070341,0.91030060901174,90,10000,Monte Carlo,36,18357147033441350283
4,ktqj,13101211,no_extra_face,0.2979,0.28901538377487024,0.3069398283665572,30,0.9545,0.9502380024955971,0.9584129429854579,95,10000,Monte Carlo,37,6272034147929369392
4,qkjk,12131113,no_extra_face,0.3608,0.3514427219077533,0.37026418323864296,36,0.9396,0.934759887277341,0.94410250135516,94,10000,Monte Carlo,38,5416091917592350664
4,qqqj,12121211,no_extra_face,0.4136,0.4039825732845759,0.42328378163387703,41,0.9668,0.9631054091414329,0.9701360899797032,97,10000,Monte Carlo,39,10925322996879934629
4,jkjj,11131111,no_extra_face,0.3576,0.348262346412278,0.3670470163236906,36,0.9322,0.9271047910794046,0.9369632807289825,93,10000,Monte Carlo,40,15922837361158357215
5,kkqkj,1313121311,no_extra_face,0.0,0.0,0.0,0,0.0,0.0,0.0,0,exact,exact,0,16774770939181573600
5,kkqtj,1313121011,no_extra_face,0.019325151417753213,0.019325151417753213,0.019325151417753213,2,0.34312577398226857,0.34312577398226857,0.34312577398226857,34,exact,exact,1,6722176980844498595
5,kkjtj,1313111011,no_extra_face,0.07747423764595628,0.07747423764595628,0.07747423764595628,8,0.6694870775579977,0.6694870775579977,0.6694870775579977,67,exact,exact,2,7849335777129954024
5,kqkqj,1312131211,no_extra_face,0.09496770177511561,0.09496770177511561,0.09496770177511561,9,0.7148656460441724,0.7148656460441724,0.7148656460441724,71,exact,exact,3,13714368167261648228
5,kqjjj,1312111111,no_extra_face,0.10118162518882337,0.10118162518882337,0.10118162518882337,10,0.728379798086859,0.728379798086859,0.728379798086859,73,exact,exact,4,2142732164810626166
5,kqtkk,1312101313,no_extra_face,0.0915463673487219,0.0915463673487219,0.0915463673487219,9,0.6967653590217768,0.6967653590217768,0.6967653590217768,70,exact,exact,5,15815133745721676465
5,kqttk,1312101013,no_extra_face,0.14416475226486308,0.14416475226486308,0.14416475226486308,14,0.8367758513331492,0.8367758513331492,0.8367758513331492,84,exact,exact,6,7752371827564711
5,kjkjj,1311131111,no_extra_face,0.1099159867611915,0.1099159867611915,0.1099159867611915,11,0.7352599254727226,0.7352599254727226,0.7352599254727226,74,exact,exact,7,3620958338589385629
5,kjjkk,1311111313,no_extra_face,0.07278883270016805,0.07278883270016805,0.07278883270016805,7,0.5627834461567285,0.5627834461567285,0.5627834461567285,56,exact,exact,8,4408017460638685477
5,kttqj,1310101211,no_extra_face,0.17355555382160925,0.17355555382160925,0.17355555382160925,17,0.8828346707603107,0.8828346707603107,0.8828346707603107,88,exact,exact,9,963750433626789197
5,qkkkk,1213131313,no_extra_face,0.09098651506861022,0.09098651506861022,0.09098651506861022,9,0.7003024639330058,0.7003024639330058,0.7003024639330058,70,exact,exact,10,13423600324894284439
5,qqkqk,1212131213,no_extra_face,0.1653486293504539,0.1653486293504539,0.1653486293504539,17,0.8611637568602419,0.8611637568602419,0.8611637568602419,86,exact,exact,11,11617087174364038207
5,qjqtk,1211121013,no_extra_face,0.1969956286971507,0.1969956286971507,0.1969956286971507,20,0.9235785461610211,0.9235785461610211,0.9235785461610211,92,exact,exact,12,9693749773104773421
5,jqqqj,1112121211,no_extra_face,0.19998928592169601,0.19998928592169601,0.19998928592169601,20,0.9083192645430765,0.9083192645430765,0.9083192645430765,91,exact,exact,13,5536866717507612181
5,jjtkj,1111101311,no_extra_face,0.20553053664337553,0.20553053664337553,0.20553053664337553,21,0.9215975379314995,0.9215975379314995,0.9215975379314995,92,exact,exact,14,12436270865781085057
5,tqttj,1012101011,no_extra_face,0.22545483935968422,0.22545483935968422,0.22545483935968422,23,0.9513757806623706,0.9513757806623706,0.9513757806623706,95,exact,exact,15,15163515356096589790
5,ttjjj,1010111111,no_extra_face,0.2211333687049686,0.2211333687049686,0.2211333687049686,22,0.9437639694899131,0.9437639694899131,0.9437639694899131,94,exact,exact,16,8087769516111304387
5,9ktkk,913101313,no_extra_face,0.2363919029131805,0.2363919029131805,0.2363919029131805,24,0.9482427766822036,0.9482427766822036,0.9482427766822036,95,exact,exact,17,5429884935322356077
5,9qkjj,912131111,no_extra_face,0.2792851640707052,0.2792851640707052,0.2792851640707052,28,0.9640741609932042,0.9640741609932042,0.9640741609932042,96,exact,exact,18,2882267430659888981
5,9qqkk,912121313,no_extra_face,0.2948597140789945,0.2948597140789945,0.2948597140789945,29,0.9684663090624337,0.9684663090624337,0.9684663090624337,97,exact,exact,19,17853421584762985899
5,9jkkk,911131313,no_extra_face,0.2614303963850712,0.2614303963850712,0.2614303963850712,26,0.9489439213206597,0.9489439213206597,0.9489439213206597,95,exact,exact,20,2612027550371605475
5,9jqkk,911121313,no_extra_face,0.29342883049962803,0.29342883049962803,0.29342883049962803,29,0.9659127651442804,0.9659127651442804,0.9659127651442804,97,exact,exact,21,9277756843949559095
5,9jtkk,911101313,no_extra_face,0.3011476191655444,0.3011476191655444,0.3011476191655444,30,0.9656381841100187,0.9656381841100187,0.9656381841100187,97,exact,exact,22,3764217945472861288
5,9tqjj,910121111,no_extra_face,0.36064233706999277,0.36064233706999277,0.36064233706999277,36,0.9825063323401609,0.9825063323401609,0.9825063323401609,98,exact,exact,23,17201017674590572021
5,9tqtj,910121011,no_extra_face,0.39569425005422765,0.39569425005422765,0.39569425005422765,40,0.9891267652323125,0.9891267652323125,0.9891267652323125,99,exact,exact,24,14299277595564967969
5,9tttj,910101011,no_extra_face,0.39833301841027174,0.39833301841027174,0.39833301841027174,40,0.9884617461081161,0.9884617461081161,0.9884617461081161,99,exact,exact,25,2799827993672906861
6,kkkktj,131313131011,no_extra_face,0.0,0.0,0.0,0,0.0,0.0,0.0,0,exact,exact,0,3819621216509525617
6,kkkqqj,131313121211,no_extra_face,0.0,0.0,0.0,0,0.0,0.0,0.0,0,exact,exact,1,642550547856286081
6,kkkttj,131313101011,no_extra_face,0.0018224741088421594,0.0018224741088421594,0.0018224741088421594,0,0.10775477377859681,0.10775477377859681,0.10775477377859681,11,exact,exact,2,15190604229836169761
6,kkqqqj,131312121211,no_extra_face,0.007813384630492045,0.007813384630492045,0.007813384630492045,1,0.2948852269895945,0.2948852269895945,0.2948852269895945,29,exact,exact,3,3013522344036727212
6,kkqqtj,131312121011,no_extra_face,0.0062830774165327395,0.0062830774165327395,0.0062830774165327395,1,0.2772315495514588,0.2772315495514588,0.2772315495514588,28,exact,exact,4,2581374783807166129
6,kkqjjj,131312111111,no_extra_face,0.017088130834269646,0.017088130834269646,0.017088130834269646,2,0.4505732880661979,0.4505732880661979,0.4505732880661979,45,exact,exact,5,6428755683332724084
6,kkqtjj,131312101111,no_extra_face,0.02217313481294101,0.02217313481294101,0.02217313481294101,2,0.5280492269147969,0.5280492269147969,0.5280492269147969,53,exact,exact,6,334058846801302362
6,kkjkjk,131311131113,no_extra_face,0.005595386024976735,0.005595386024976735,0.005595386024976735,1,0.195228082919518,0.195228082919518,0.195228082919518,20,exact,exact,7,8057555673451710966
6,kkjqkj,131311121311,no_extra_face,0.012932825018279553,0.012932825018279553,0.012932825018279553,1,0.3774481929898833,0.3774481929898833,0.3774481929898833,38,exact,exact,8,1925917288883276908
6,kqkktk,131213131013,no_extra_face,0.00789826202198513,0.00789826202198513,0.00789826202198513,1,0.23605681314132818,0.23605681314132818,0.23605681314132818,24,exact,exact,9,5122866348381692546
6,kqtqkk,131210121313,no_extra_face,0.01711388689963593,0.01711388689963593,0.01711388689963593,2,0.4287528127006289,0.4287528127006289,0.4287528127006289,43,exact,exact,10,7767662152672092881
6,kqtttk,131210101013,no_extra_face,0.03373536481396009,0.03373536481396009,0.03373536481396009,3,0.6363712493604723,0.6363712493604723,0.6363712493604723,64,exact,exact,11,13121302246396845162
6,kjjjtj,131111111011,no_extra_face,0.030992651049714985,0.030992651049714985,0.030992651049714985,3,0.6058343627827463,0.6058343627827463,0.6058343627827463,61,exact,exact,12,3573792116136944164
6,kjjtkk,131111101313,no_extra_face,0.018538813325747715,0.018538813325747715,0.018538813325747715,2,0.4538566659383449,0.4538566659383449,0.4538566659383449,45,exact,exact,13,2160054781115815753
6,kjtqtj,131110121011,no_extra_face,0.04034434612611938,0.04034434612611938,0.04034434612611938,4,0.7052927373403834,0.7052927373403834,0.7052927373403834,71,exact,exact,14,14033771359309370101
6,ktqktk,131012131013,no_extra_face,0.02953179669092771,0.02953179669092771,0.02953179669092771,3,0.5991571795315415,0.5991571795315415,0.5991571795315415,60,exact,exact,15,9282067072608940090
6,ktttjj,131010101111,no_extra_face,0.04612956382693444,0.04612956382693444,0.04612956382693444,5,0.7479545641769124,0.7479545641769124,0.7479545641769124,75,exact,exact,19,18080978556633979552
6,ktqqqj,131012121211,no_extra_face,0.0457283197370545,0.0457283197370545,0.0457283197370545,5,0.7409019274022111,0.7409019274022111,0.7409019274022111,74,exact,exact,16,13271907547359349565
6,ktjjqj,131011111211,no_extra_face,0.04216389371161792,0.04216389371161792,0.04216389371161792,4,0.7212311075045051,0.7212311075045051,0.7212311075045051,72,exact,exact,17,6936353787162698620
6,kttjkj,131010111311,no_extra_face,0.041144372685695964,0.041144372685695964,0.041144372685695964,4,0.7172041844191589,0.7172041844191589,0.7172041844191589,72,exact,exact,18,16043873997957845198
6,qkkkqk,121313131213,no_extra_face,0.02996688704781089,0.02996688704781089,0.02996688704781089,3,0.5937756790280897,0.5937756790280897,0.5937756790280897,59,exact,exact,20,18217830219530953421
6,qkqqjj,121312121111,no_extra_face,0.04709698055897628,0.04709698055897628,0.04709698055897628,5,0.7509729160324736,0.7509729160324736,0.7509729160324736,75,exact,exact,21,88030999330647348
6,qqqttj,121212101011,no_extra_face,0.05089649131191921,0.05089649131191921,0.05089649131191921,5,0.7762608151150409,0.7762608151150409,0.7762608151150409,78,exact,exact,22,13860973309990756782
6,qqjqtj,121211121011,no_extra_face,0.04968537418172943,0.04968537418172943,0.04968537418172943,5,0.7694879280245134,0.7694879280245134,0.7694879280245134,77,exact,exact,23,12669423583012026607
6,qqtjjj,121210111111,no_extra_face,0.04704897896540168,0.04704897896540168,0.04704897896540168,5,0.7542489320708265,0.7542489320708265,0.7542489320708265,75,exact,exact,24,2827267375648434053
6,qqtttj,121210101011,no_extra_face,0.05065648334404623,0.05065648334404623,0.05065648334404623,5,0.7749724942010818,0.7749724942010818,0.7749724942010818,77,exact,exact,25,11521582815234386245
6,qjqjkj,121112111311,no_extra_face,0.04465628414722188,0.04465628414722188,0.04465628414722188,4,0.7392307911309612,0.7392307911309612,0.7392307911309612,74,exact,exact,26,1621799880517474221
6,qjjjqj,121111111211,no_extra_face,0.046873383392325385,0.046873383392325385,0.046873383392325385,5,0.7510391725366201,0.7510391725366201,0.7510391725366201,75,exact,exact,27,18247966063546894759
6,qjjttj,121111101011,no_extra_face,0.04838194629466543,0.04838194629466543,0.04838194629466543,5,0.7611322466682648,0.7611322466682648,0.7611322466682648,76,exact,exact,28,8025078837532946483
6,qtqtkk,121012101313,no_extra_face,0.05022446900187488,0.05022446900187488,0.05022446900187488,5,0.7726535165559556,0.7726535165559556,0.7726535165559556,77,exact,exact,29,11649409430181544779
6,qtqtkj,121012101311,no_extra_face,0.05041647537617326,0.05041647537617326,0.05041647537617326,5,0.7736841732871228,0.7736841732871228,0.7736841732871228,77,exact,exact,30,10049426989860783800
6,qtttjj,121010101111,no_extra_face,0.05084848971834462,0.05084848971834462,0.05084848971834462,5,0.776003150932249,0.776003150932249,0.776003150932249,78,exact,exact,31,16174982195938807843
6,jjkjkj,111113111311,no_extra_face,0.044587593222106585,0.044587593222106585,0.044587593222106585,4,0.7169686057377492,0.7169686057377492,0.7169686057377492,72,exact,exact,32,3181986943297530920
6,tjtttk,101110101013,no_extra_face,0.04981830167162831,0.04981830167162831,0.04981830167162831,5,0.7699296380521565,0.7699296380521565,0.7699296380521565,77,exact,exact,33,321150106783239309
6,9kkqjk,91313121113,no_extra_face,0.07769817512876154,0.07769817512876154,0.07769817512876154,8,0.8583155771050306,0.8583155771050306,0.8583155771050306,86,exact,exact,34,8981860453404076142
6,9kkjjj,91313111111,no_extra_face,0.07588067068376879,0.07588067068376879,0.07588067068376879,8,0.8401571143311816,0.8401571143311816,0.8401571143311816,84,exact,exact,35,16817909966024301657
6,9kktqk,91313101213,no_extra_face,0.08056664667172472,0.08056664667172472,0.08056664667172472,8,0.8636857789651727,0.8636857789651727,0.8636857789651727,86,exact,exact,36,7855610552069614665
6,9kqktj,91312131011,no_extra_face,0.08507586756496203,0.08507586756496203,0.08507586756496203,9,0.867958030050203,0.867958030050203,0.867958030050203,87,exact,exact,37,12298442172910424127
6,9kqqkj,91312121311,no_extra_face,0.0964760490832288,0.0964760490832288,0.0964760490832288,10,0.8798890265630696,0.8798890265630696,0.8798890265630696,88,exact,exact,38,12028194170710279070
6,9kqqjj,91312121111,no_extra_face,0.10659624922355727,0.10659624922355727,0.10659624922355727,11,0.8913872343666306,0.8913872343666306,0.8913872343666306,89,exact,exact,39,3225637698574250870
6,9ktqtj,91310121011,no_extra_face,0.12664464312991583,0.12664464312991583,0.12664464312991583,13,0.9185111788612377,0.9185111788612377,0.9185111788612377,92,exact,exact,40,5136534574678230465
6,9kttqk,91310101213,no_extra_face,0.12283182920011369,0.12283182920011369,0.12283182920011369,12,0.9129934736381183,0.9129934736381183,0.9129934736381183,91,exact,exact,41,13053880037670932940
6,9qkkkk,91213131313,no_extra_face,0.09808280612731107,0.09808280612731107,0.09808280612731107,10,0.8779349467121841,0.8779349467121841,0.8779349467121841,88,exact,exact,42,14762216102885532740
6,9qkqtj,91213121011,no_extra_face,0.1333908016880866,0.1333908016880866,0.1333908016880866,13,0.924244741889971,0.924244741889971,0.924244741889971,92,exact,exact,43,2162026457330258065
6,9qqqjj,91212121111,no_extra_face,0.1357938417533849,0.1357938417533849,0.1357938417533849,14,0.9214228622280062,0.9214228622280062,0.9214228622280062,92,exact,exact,44,12519315752151988838
6,9qqttj,91212101011,no_extra_face,0.14373896060256341,0.14373896060256341,0.14373896060256341,14,0.9358143900868535,0.9358143900868535,0.9358143900868535,94,exact,exact,45,14176543304784697851
6,9qjjjk,91211111113,no_extra_face,0.14251555441945574,0.14251555441945574,0.14251555441945574,14,0.9230874341868733,0.9230874341868733,0.9230874341868733,92,exact,exact,46,18426514561826254188
6,9qjjjj,91211111111,no_extra_face,0.1386515713170282,0.1386515713170282,0.1386515713170282,14,0.9131800847588475,0.9131800847588475,0.9131800847588475,91,exact,exact,47,18398719477399435241
6,9qjjtj,91211111011,no_extra_face,0.1499671138418677,0.1499671138418677,0.1499671138418677,15,0.9368572509275188,0.9368572509275188,0.9368572509275188,94,exact,exact,48,17550719499147450030
6,9qtqjj,91210121111,no_extra_face,0.14823759557054633,0.14823759557054633,0.14823759557054633,15,0.9389528336817168,0.9389528336817168,0.9389528336817168,94,exact,exact,49,5542918042404152083
6,9jkjtk,91113111013,no_extra_face,0.14451690276690562,0.14451690276690562,0.14451690276690562,14,0.9278257527210009,0.9278257527210009,0.9278257527210009,93,exact,exact,50,5341266897510827642
6,9tqttk,91012101013,no_extra_face,0.15428128353215484,0.15428128353215484,0.15428128353215484,15,0.946061651268082,0.946061651268082,0.946061651268082,95,exact,exact,51,4720522037829191088
6,9tttkk,91010101313,no_extra_face,0.15217794216025787,0.15217794216025787,0.15217794216025787,15,0.9424113563993943,0.9424113563993943,0.9424113563993943,94,exact,exact,52,1175098574489086552
